,Date,Price
0,2008/06/30,8.770
1,2008/06/27,8.740
2,2008/06/26,8.770
3,2008/06/25,8.900
4,2008/06/24,8.850
5,2008/06/23,8.850
6,2008/06/20,8.860
7,2008/06/19,8.940
8,2008/06/18,8.970
9,2008/06/17,9.060
10,2008/06/16,9.070
11,2008/06/13,9.050
12,2008/06/12,9.050
13,2008/06/11,9.030
14,2008/06/10,9.110
15,2008/06/09,9.220
16,2008/06/06,9.230
17,2008/06/05,9.360
18,2008/06/04,9.340
19,2008/06/03,9.420
20,2008/06/02,9.400
21,2008/05/30,9.550
22,2008/05/29,9.560
23,2008/05/28,9.550
24,2008/05/27,9.550
25,2008/05/26,9.540
26,2008/05/23,9.550
27,2008/05/22,9.610
28,2008/05/21,9.630
29,2008/05/20,9.690
30,2008/05/19,9.730
31,2008/05/16,9.690
32,2008/05/15,9.720
33,2008/05/14,9.700
34,2008/05/13,9.640
35,2008/05/12,9.650
36,2008/05/09,9.540
37,2008/05/08,9.640
38,2008/05/07,9.580
39,2008/05/06,9.630
40,2008/05/05,9.620
41,2008/05/02,9.610
42,2008/04/30,9.460
43,2008/04/29,9.440
44,2008/04/28,9.530
45,2008/04/25,9.490
46,2008/04/24,9.440
47,2008/04/23,9.500
48,2008/04/22,9.450
49,2008/04/21,9.490
50,2008/04/18,9.500
51,2008/04/17,9.420
52,2008/04/16,9.410
53,2008/04/15,9.240
54,2008/04/14,9.220
55,2008/04/11,9.300
56,2008/04/10,9.420
57,2008/04/09,9.420
58,2008/04/08,9.510
59,2008/04/07,9.530
60,2008/04/03,9.440
61,2008/04/02,9.460
62,2008/04/01,9.350
63,2008/03/31,9.220
64,2008/03/28,9.210
65,2008/03/27,9.190
66,2008/03/26,9.090
67,2008/03/25,9.130
68,2008/03/24,8.960
69,2008/03/21,9.020
70,2008/03/20,9.070
71,2008/03/19,9.140
72,2008/03/18,9.270
73,2008/03/17,9.030
74,2008/03/14,9.170
75,2008/03/13,9.270
76,2008/03/12,9.310
77,2008/03/11,9.270
78,2008/03/10,9.090
79,2008/03/07,9.190
80,2008/03/06,9.260
81,2008/03/05,9.380
82,2008/03/04,9.330
83,2008/03/03,9.440
84,2008/02/29,9.480
85,2008/02/27,9.740
86,2008/02/26,9.760
87,2008/02/25,9.720
88,2008/02/22,9.620
89,2008/02/21,9.590
90,2008/02/20,9.630
91,2008/02/19,9.700
92,2008/02/18,9.680
93,2008/02/15,9.620
94,2008/02/14,9.670
95,2008/02/13,9.660
96,2008/02/12,9.670
97,2008/02/05,9.770
98,2008/02/04,10.09
99,2008/02/01,10.12
100,2008/01/31,9.950
101,2008/01/30,9.870
102,2008/01/29,9.940
103,2008/01/28,9.860
104,2008/01/25,9.820
105,2008/01/24,9.760
106,2008/01/23,9.550
107,2008/01/22,9.530
108,2008/01/21,9.530
109,2008/01/18,9.820
110,2008/01/17,9.900
111,2008/01/16,10.01
112,2008/01/15,10.13
113,2008/01/14,10.39
114,2008/01/11,10.35
115,2008/01/10,10.41
116,2008/01/09,10.41
117,2008/01/08,10.40
118,2008/01/07,10.42
119,2008/01/04,10.41
120,2008/01/03,10.52
121,2008/01/02,10.54
122,2007/12/31,10.64
123,2007/12/28,10.66
124,2007/12/27,10.62
125,2007/12/26,10.64
126,2007/12/25,10.61
127,2007/12/24,10.61
128,2007/12/21,10.55
129,2007/12/20,10.43
130,2007/12/19,10.43
131,2007/12/18,10.46
132,2007/12/17,10.40
133,2007/12/14,10.62
134,2007/12/13,10.72
135,2007/12/12,10.86
136,2007/12/11,10.86
137,2007/12/10,10.94
138,2007/12/07,10.90
139,2007/12/06,10.84
140,2007/12/05,10.80
141,2007/12/04,10.67
142,2007/12/03,10.77
143,2007/11/30,10.82
144,2007/11/29,10.70
145,2007/11/28,10.65
146,2007/11/27,10.50
147,2007/11/26,10.48
148,2007/11/23,10.54
149,2007/11/22,10.43
150,2007/11/21,10.37
151,2007/11/20,10.56
152,2007/11/19,10.46
153,2007/11/16,10.54
154,2007/11/15,10.55
155,2007/11/14,10.70
156,2007/11/13,10.63
157,2007/11/12,10.48
158,2007/11/09,10.60
159,2007/11/08,10.75
160,2007/11/07,10.83
161,2007/11/06,10.90
162,2007/11/05,10.83
163,2007/11/02,10.91
164,2007/11/01,11.00
165,2007/10/31,11.18
166,2007/10/30,11.07
167,2007/10/29,11.12
168,2007/10/26,11.05
169,2007/10/25,10.95
170,2007/10/24,10.88
171,2007/10/23,10.91
172,2007/10/22,10.82
173,2007/10/19,10.93
174,2007/10/18,11.06
175,2007/10/17,11.06
176,2007/10/16,10.99
177,2007/10/15,11.15
178,2007/10/12,11.22
179,2007/10/11,11.24
180,2007/10/09,11.17
181,2007/10/08,11.13
182,2007/10/05,11.17
183,2007/10/04,11.07
184,2007/10/03,11.06
185,2007/10/02,11.03
186,2007/10/01,11.02
187,2007/09/29,10.90
188,2007/09/28,10.93
189,2007/09/27,11.05
190,2007/09/26,11.01
191,2007/09/21,10.99
192,2007/09/20,11.00
193,2007/09/19,11.05
194,2007/09/17,10.70
195,2007/09/14,10.79
196,2007/09/13,10.84
197,2007/09/12,10.78
198,2007/09/11,10.73
199,2007/09/10,10.59
200,2007/09/07,10.61
201,2007/09/06,10.74
202,2007/09/05,10.70
203,2007/09/04,10.85
204,2007/09/03,10.79
205,2007/08/31,10.78
206,2007/08/30,10.63
207,2007/08/29,10.62
208,2007/08/28,10.52
209,2007/08/27,10.69
210,2007/08/24,10.68
211,2007/08/23,10.63
212,2007/08/22,10.55
213,2007/08/21,10.41
214,2007/08/20,10.40
215,2007/08/17,10.30
216,2007/08/16,10.17
217,2007/08/15,10.28
218,2007/08/14,10.41
219,2007/08/13,10.57
220,2007/08/10,10.49
221,2007/08/09,10.69
222,2007/08/08,10.87
223,2007/08/07,10.72
224,2007/08/06,10.58
225,2007/08/03,10.51
226,2007/08/02,10.69
227,2007/08/01,10.59
228,2007/07/31,10.67
229,2007/07/30,10.60
230,2007/07/27,10.63
231,2007/07/26,10.81
232,2007/07/25,11.04
233,2007/07/24,11.07
234,2007/07/23,11.26
235,2007/07/20,11.22
236,2007/07/19,11.33
237,2007/07/18,11.26
238,2007/07/17,11.32
239,2007/07/16,11.32
240,2007/07/13,11.31
241,2007/07/12,11.29
242,2007/07/11,11.14
243,2007/07/10,11.13
244,2007/07/09,11.22
245,2007/07/06,11.23
246,2007/07/05,11.21
247,2007/07/04,11.21
248,2007/07/03,11.19
249,2007/07/02,11.13
250,2007/06/29,11.06
251,2007/06/28,11.05
252,2007/06/27,10.98
253,2007/06/26,11.01
254,2007/06/25,11.03
255,2007/06/23,11.03
256,2007/06/22,11.04
257,2007/06/21,11.17
258,2007/06/20,11.21
259,2007/06/15,11.29
260,2007/06/14,11.18
261,2007/06/13,11.08
262,2007/06/12,11.04
263,2007/06/11,11.11
264,2007/06/08,11.05
265,2007/06/07,11.10
266,2007/06/06,11.24
267,2007/06/05,11.35
268,2007/06/04,11.38
269,2007/06/01,11.37
270,2007/05/31,11.33
271,2007/05/30,11.30
272,2007/05/29,11.31
273,2007/05/28,11.33
274,2007/05/25,11.34
275,2007/05/24,11.35
276,2007/05/23,11.51
277,2007/05/22,11.50
278,2007/05/21,11.49
279,2007/05/18,11.49
280,2007/05/17,11.44
281,2007/05/16,11.45
282,2007/05/15,11.40
283,2007/05/14,11.38
284,2007/05/11,11.37
285,2007/05/10,11.35
286,2007/05/09,11.42
287,2007/05/08,11.39
288,2007/05/07,11.41
289,2007/05/04,11.39
290,2007/05/03,11.37
291,2007/05/02,11.32
292,2007/04/30,11.27
293,2007/04/27,11.32
294,2007/04/26,11.33
295,2007/04/25,11.35
296,2007/04/24,11.26
297,2007/04/23,11.28
298,2007/04/20,11.31
299,2007/04/19,11.21
300,2007/04/18,11.28
301,2007/04/17,11.24
302,2007/04/16,11.24
303,2007/04/14,11.12
304,2007/04/13,11.12
305,2007/04/12,11.05
306,2007/04/11,11.03
307,2007/04/10,11.05
308,2007/04/09,10.95
309,2007/04/04,10.91
310,2007/04/03,10.91
311,2007/04/02,10.83
312,2007/03/30,10.78
313,2007/03/29,10.77
314,2007/03/28,10.67
315,2007/03/27,10.73
316,2007/03/26,10.73
317,2007/03/23,10.77
318,2007/03/22,10.74
319,2007/03/21,10.69
320,2007/03/20,10.59
321,2007/03/19,10.51
322,2007/03/16,10.43
323,2007/03/15,10.39
324,2007/03/14,10.25
325,2007/03/13,10.34
326,2007/03/12,10.51
327,2007/03/09,10.45
328,2007/03/08,10.40
329,2007/03/07,10.33
330,2007/03/06,10.32
331,2007/03/05,10.15
332,2007/03/03,10.33
333,2007/03/02,10.35
334,2007/03/01,10.45
335,2007/02/27,10.57
336,2007/02/26,10.83
337,2007/02/16,10.83
338,2007/02/15,10.81
339,2007/02/14,10.80
340,2007/02/13,10.75
341,2007/02/12,10.66
342,2007/02/09,10.70
343,2007/02/08,10.73
344,2007/02/07,10.76
345,2007/02/06,10.73
346,2007/02/05,10.67
347,2007/02/02,10.68
348,2007/02/01,10.64
349,2007/01/31,10.56
350,2007/01/30,10.57
351,2007/01/29,10.51
352,2007/01/26,10.51
353,2007/01/25,10.52
354,2007/01/24,10.56
355,2007/01/23,10.56
356,2007/01/22,10.52
357,2007/01/19,10.48
358,2007/01/18,10.45
359,2007/01/17,10.42
360,2007/01/16,10.46
361,2007/01/15,10.46
362,2007/01/12,10.40
363,2007/01/11,10.39
364,2007/01/10,10.33
365,2007/01/09,10.36
366,2007/01/08,10.31
367,2007/01/05,10.32
368,2007/01/04,10.41
369,2007/01/03,10.44
370,2007/01/02,10.44
371,2006/12/29,10.43
372,2006/12/28,10.46
373,2006/12/27,10.47
374,2006/12/26,10.38
375,2006/12/25,10.37
376,2006/12/22,10.35
377,2006/12/21,10.37
378,2006/12/20,10.41
379,2006/12/19,10.39
380,2006/12/18,10.35
381,2006/12/15,10.36
382,2006/12/14,10.37
383,2006/12/13,10.31
384,2006/12/12,10.26
385,2006/12/11,10.22
386,2006/12/08,10.19
387,2006/12/07,10.16
388,2006/12/06,10.14
389,2006/12/05,10.13
390,2006/12/04,10.13
391,2006/12/01,10.07
392,2006/11/30,10.10
393,2006/11/29,10.14
394,2006/11/28,10.07
395,2006/11/27,10.08
396,2006/11/24,10.17
397,2006/11/23,10.16
398,2006/11/22,10.15
399,2006/11/21,10.16
400,2006/11/20,10.14
401,2006/11/17,10.13
402,2006/11/16,10.10
403,2006/11/15,10.06
404,2006/11/14,10.02
405,2006/11/13,10.01
406,2006/11/10,10.04
407,2006/11/09,10.03
408,2006/11/08,10.08
409,2006/11/07,10.05
410,2006/11/06,10.07
411,2006/11/03,10.05
412,2006/11/02,10.09
413,2006/11/01,10.16
414,2006/10/31,10.19
415,2006/10/30,10.18
416,2006/10/27,10.22
417,2006/10/26,10.26
418,2006/10/25,10.20
419,2006/10/24,10.15
420,2006/10/23,10.17
421,2006/10/20,10.11
422,2006/10/19,10.05
423,2006/10/18,10.03
424,2006/10/17,9.990
425,2006/10/16,10.05
426,2006/10/14,10.01
427,2006/10/13,10.00
428,2006/10/12,9.990
429,2006/10/11,9.960
430,2006/10/05,9.950
431,2006/10/04,9.890
432,2006/10/03,9.820
433,2006/10/02,9.810
434,2006/09/29,9.860
435,2006/09/28,9.840
436,2006/09/27,9.800
437,2006/09/26,9.740
438,2006/09/25,9.670
439,2006/09/22,9.660
440,2006/09/21,9.700
441,2006/09/20,9.700
442,2006/09/19,9.680
443,2006/09/18,9.720
444,2006/09/15,9.730
445,2006/09/14,9.680
446,2006/09/13,9.670
447,2006/09/12,9.640
448,2006/09/11,9.590
449,2006/09/08,9.630
450,2006/09/07,9.620
451,2006/09/06,9.690
452,2006/09/05,9.780
453,2006/09/04,9.770
454,2006/09/01,9.750
455,2006/08/31,9.720
456,2006/08/30,9.700
457,2006/08/29,9.670
458,2006/08/28,9.630
459,2006/08/25,9.610
460,2006/08/24,9.610
461,2006/08/23,9.600
462,2006/08/22,9.660
463,2006/08/21,9.620
464,2006/08/18,9.650
465,2006/08/17,9.630
466,2006/08/16,9.630
467,2006/08/15,9.520
468,2006/08/14,9.410
469,2006/08/11,9.350
470,2006/08/10,9.380
471,2006/08/09,9.440
472,2006/08/08,9.430
473,2006/08/07,9.430
474,2006/08/04,9.500
475,2006/08/03,9.480
476,2006/08/02,9.510
477,2006/08/01,9.420
478,2006/07/31,9.480
479,2006/07/28,9.460
480,2006/07/27,9.380
481,2006/07/26,9.330
482,2006/07/25,9.350
483,2006/07/24,9.310
484,2006/07/21,9.160
485,2006/07/20,9.230
486,2006/07/19,9.230
487,2006/07/18,9.100
488,2006/07/17,9.170
489,2006/07/14,9.190
490,2006/07/13,9.260
491,2006/07/12,9.390
492,2006/07/11,9.420
493,2006/07/10,9.430
494,2006/07/07,9.390
495,2006/07/06,9.440
496,2006/07/05,9.430
497,2006/07/04,9.480
498,2006/07/03,9.470
499,2006/06/30,9.410
500,2006/06/29,9.320
501,2006/06/28,9.160
502,2006/06/27,9.160
503,2006/06/26,9.230
504,2006/06/23,9.210
505,2006/06/22,9.210
506,2006/06/21,9.140
507,2006/06/20,9.060
508,2006/06/19,9.060
509,2006/06/16,9.080
510,2006/06/15,9.050
511,2006/06/14,8.880
512,2006/06/13,8.890
513,2006/06/12,9.050
514,2006/06/09,9.110
515,2006/06/08,9.110
516,2006/06/07,9.170
517,2006/06/06,9.220
518,2006/06/05,9.340
519,2006/06/02,9.410
520,2006/06/01,9.390
521,2006/05/30,9.280
522,2006/05/29,9.420
523,2006/05/26,9.430
524,2006/05/25,9.320
525,2006/05/24,9.240
526,2006/05/23,9.270
527,2006/05/22,9.220
528,2006/05/19,9.340
529,2006/05/18,9.290
530,2006/05/17,9.350
531,2006/05/16,9.530
532,2006/05/15,9.550
533,2006/05/12,9.550
534,2006/05/11,9.650
535,2006/05/10,9.710
536,2006/05/09,9.770
537,2006/05/08,9.730
538,2006/05/05,9.760
539,2006/05/04,9.680
540,2006/05/03,9.660
541,2006/05/02,9.720
542,2006/04/28,9.630
543,2006/04/27,9.630
544,2006/04/26,9.680
545,2006/04/25,9.620
546,2006/04/24,9.650
547,2006/04/21,9.760
548,2006/04/20,9.750
549,2006/04/19,9.780
550,2006/04/18,9.730
551,2006/04/17,9.620
552,2006/04/14,9.640
553,2006/04/13,9.650
554,2006/04/12,9.650
555,2006/04/11,9.630
556,2006/04/10,9.700
557,2006/04/07,9.670
558,2006/04/06,9.760
559,2006/04/04,9.700
560,2006/04/03,9.680
561,2006/03/31,9.620
562,2006/03/30,9.650
563,2006/03/29,9.620
564,2006/03/28,9.570
565,2006/03/27,9.610
566,2006/03/24,9.620
567,2006/03/23,9.600
568,2006/03/22,9.630
569,2006/03/21,9.600
570,2006/03/20,9.630
571,2006/03/17,9.600
572,2006/03/16,9.540
573,2006/03/15,9.520
574,2006/03/14,9.480
575,2006/03/13,9.450
576,2006/03/10,9.390
577,2006/03/09,9.350
578,2006/03/08,9.350
579,2006/03/07,9.390
580,2006/03/06,9.450
581,2006/03/03,9.450
582,2006/03/02,9.410
583,2006/03/01,9.440
584,2006/02/27,9.480
585,2006/02/24,9.470
586,2006/02/23,9.460
587,2006/02/22,9.470
588,2006/02/21,9.390
589,2006/02/20,9.360
590,2006/02/17,9.350
591,2006/02/16,9.370
592,2006/02/15,9.310
593,2006/02/14,9.290
594,2006/02/13,9.270
595,2006/02/10,9.300
596,2006/02/09,9.370
597,2006/02/08,9.330
598,2006/02/07,9.320
599,2006/02/06,9.370
600,2006/02/03,9.370
601,2006/01/27,9.420
602,2006/01/26,9.310
603,2006/01/25,9.240
604,2006/01/24,9.240
605,2006/01/23,9.200
606,2006/01/20,9.210
607,2006/01/19,9.310
608,2006/01/18,9.230
609,2006/01/17,9.310
610,2006/01/16,9.370
611,2006/01/13,9.360
612,2006/01/12,9.390
613,2006/01/11,9.440
614,2006/01/10,9.380
615,2006/01/09,9.410
616,2006/01/06,9.410
617,2006/01/05,9.300
618,2006/01/04,9.400
619,2006/01/03,9.370
620,2006/01/02,9.320
621,2005/12/30,9.330
622,2005/12/29,9.370
623,2005/12/28,9.440
624,2005/12/27,9.420
625,2005/12/26,9.470
626,2005/12/23,9.490
627,2005/12/22,9.500
628,2005/12/21,9.490
629,2005/12/20,9.460
630,2005/12/19,9.400
631,2005/12/16,9.430
632,2005/12/15,9.440
633,2005/12/14,9.480
634,2005/12/13,9.500
635,2005/12/12,9.460
636,2005/12/09,9.400
637,2005/12/08,9.340
638,2005/12/07,9.360
639,2005/12/06,9.360
640,2005/12/05,9.330
641,2005/12/02,9.370
642,2005/12/01,9.350
643,2005/11/30,9.220
644,2005/11/29,9.280
645,2005/11/28,9.260
646,2005/11/25,9.320
647,2005/11/24,9.300
648,2005/11/23,9.310
649,2005/11/22,9.300
650,2005/11/21,9.260
651,2005/11/18,9.230
652,2005/11/17,9.190
653,2005/11/16,9.120
654,2005/11/15,9.080
655,2005/11/14,9.090
656,2005/11/11,9.120
657,2005/11/10,9.110
658,2005/11/09,9.100
659,2005/11/08,9.120
660,2005/11/07,9.150
661,2005/11/04,9.150
662,2005/11/03,9.160
663,2005/11/02,9.090
664,2005/11/01,9.020
665,2005/10/31,9.020
666,2005/10/28,8.940
667,2005/10/27,8.880
668,2005/10/26,8.940
669,2005/10/25,8.930
670,2005/10/24,8.910
671,2005/10/21,8.810
672,2005/10/20,8.790
673,2005/10/19,8.850
674,2005/10/18,8.840
675,2005/10/17,8.900
676,2005/10/14,8.870
677,2005/10/13,8.830
678,2005/10/12,8.850
679,2005/10/11,8.890
680,2005/10/07,8.910
681,2005/10/06,8.870
682,2005/10/05,8.930
683,2005/10/04,9.050
684,2005/10/03,9.070
685,2005/09/30,9.080
686,2005/09/29,9.080
687,2005/09/28,9.050
688,2005/09/27,9.000
689,2005/09/26,9.040
690,2005/09/23,8.990
691,2005/09/22,8.990
692,2005/09/21,8.960
693,2005/09/20,9.020
694,2005/09/19,9.040
695,2005/09/16,9.060
696,2005/09/15,8.970
697,2005/09/14,8.940
698,2005/09/13,8.940
699,2005/09/12,9.010
700,2005/09/09,9.020
701,2005/09/08,8.960
702,2005/09/07,8.970
703,2005/09/06,8.940
704,2005/09/05,8.830
705,2005/09/02,8.820
706,2005/08/31,8.780
707,2005/08/30,8.700
708,2005/08/29,8.670
709,2005/08/26,8.610
710,2005/08/25,8.650
711,2005/08/24,8.630
712,2005/08/23,8.650
713,2005/08/22,8.680
714,2005/08/19,8.670
715,2005/08/18,8.650
716,2005/08/17,8.650
717,2005/08/16,8.620
718,2005/08/15,8.690
719,2005/08/12,8.660
720,2005/08/11,8.680
721,2005/08/10,8.630
722,2005/08/09,8.620
723,2005/08/08,8.530
724,2005/08/04,8.580
725,2005/08/03,8.610
726,2005/08/02,8.600
727,2005/08/01,8.570
728,2005/07/29,8.570
729,2005/07/28,8.570
730,2005/07/27,8.530
731,2005/07/26,8.490
732,2005/07/25,8.440
733,2005/07/22,8.450
734,2005/07/21,8.490
735,2005/07/20,8.530
736,2005/07/19,8.470
737,2005/07/15,8.480
738,2005/07/14,8.470
739,2005/07/13,8.490
740,2005/07/12,8.430
741,2005/07/11,8.430
742,2005/07/08,8.410
743,2005/07/07,8.310
744,2005/07/06,8.320
745,2005/07/05,8.350
746,2005/07/04,8.270
747,2005/07/01,8.260
748,2005/06/30,8.230
749,2005/06/29,8.260
750,2005/06/28,8.220
751,2005/06/27,8.130
752,2005/06/24,8.140
753,2005/06/23,8.200
754,2005/06/22,8.260
755,2005/06/21,8.240
756,2005/06/20,8.240
757,2005/06/17,8.230
758,2005/06/16,8.210
759,2005/06/15,8.160
760,2005/06/14,8.180
761,2005/06/13,8.160
762,2005/06/10,8.170
763,2005/06/09,8.170
764,2005/06/08,8.160
765,2005/06/07,8.150
766,2005/06/06,8.110
767,2005/06/03,8.140
768,2005/06/02,8.180
769,2005/06/01,8.190
770,2005/05/31,8.110
771,2005/05/30,8.170
772,2005/05/27,8.170
773,2005/05/26,8.160
774,2005/05/25,8.100
775,2005/05/24,8.130
776,2005/05/23,8.130
777,2005/05/20,8.100
778,2005/05/19,8.100
779,2005/05/18,8.070
780,2005/05/17,8.010
781,2005/05/16,7.980
782,2005/05/13,7.950
783,2005/05/12,7.970
784,2005/05/11,8.000
785,2005/05/10,7.980
786,2005/05/09,8.050
787,2005/05/06,8.040
788,2005/05/05,8.010
789,2005/05/04,8.020
790,2005/05/03,7.950
791,2005/04/29,7.930
792,2005/04/28,7.910
793,2005/04/27,7.960
794,2005/04/26,7.990
795,2005/04/25,8.030
796,2005/04/22,8.030
797,2005/04/21,8.050
798,2005/04/20,7.950
799,2005/04/19,8.020
800,2005/04/18,7.980
801,2005/04/15,8.000
802,2005/04/14,8.110
803,2005/04/13,8.160
804,2005/04/12,8.220
805,2005/04/11,8.190
806,2005/04/08,8.180
807,2005/04/07,8.230
808,2005/04/06,8.190
809,2005/04/04,8.140
810,2005/04/01,8.100
811,2005/03/31,8.150
812,2005/03/30,8.220
813,2005/03/29,8.170
814,2005/03/28,8.180
815,2005/03/25,8.130
816,2005/03/24,8.130
817,2005/03/23,8.120
818,2005/03/22,8.160
819,2005/03/21,8.190
820,2005/03/18,8.210
821,2005/03/17,8.190
822,2005/03/16,8.150
823,2005/03/15,8.220
824,2005/03/14,8.210
825,2005/03/11,8.180
826,2005/03/10,8.200
827,2005/03/09,8.200
828,2005/03/08,8.240
829,2005/03/07,8.280
830,2005/03/04,8.260
831,2005/03/03,8.200
832,2005/03/02,8.210
833,2005/03/01,8.240
834,2005/02/25,8.250
835,2005/02/24,8.170
836,2005/02/23,8.140
837,2005/02/22,8.160
838,2005/02/21,8.260
839,2005/02/18,8.260
840,2005/02/17,8.240
841,2005/02/16,8.280
842,2005/02/15,8.290
843,2005/02/14,8.290
844,2005/02/05,8.220
845,2005/02/04,8.210
846,2005/02/03,8.150
847,2005/02/02,8.200
848,2005/02/01,8.210
849,2005/01/31,8.160
850,2005/01/28,8.120
851,2005/01/27,8.170
852,2005/01/26,8.140
853,2005/01/25,8.130
854,2005/01/24,8.090
855,2005/01/21,8.110
856,2005/01/20,8.140
857,2005/01/19,8.180
858,2005/01/18,8.230
859,2005/01/17,8.210
860,2005/01/14,8.240
861,2005/01/13,8.190
862,2005/01/12,8.220
863,2005/01/11,8.260
864,2005/01/10,8.310
865,2005/01/07,8.290
866,2005/01/06,8.310
867,2005/01/05,8.240
868,2005/01/04,8.300
869,2005/01/03,8.340
870,2004/12/31,8.420
871,2004/12/30,8.430
872,2004/12/29,8.420
873,2004/12/28,8.430
874,2004/12/27,8.410
875,2004/12/24,8.440
876,2004/12/23,8.420
877,2004/12/22,8.420
878,2004/12/21,8.390
879,2004/12/20,8.360
880,2004/12/17,8.320
881,2004/12/16,8.400
882,2004/12/15,8.400
883,2004/12/14,8.390
884,2004/12/13,8.360
885,2004/12/10,8.300
886,2004/12/09,8.290
887,2004/12/08,8.290
888,2004/12/07,8.240
889,2004/12/06,8.280
890,2004/12/03,8.280
891,2004/12/02,8.260
892,2004/12/01,8.260
893,2004/11/30,8.140
894,2004/11/29,8.170
895,2004/11/26,8.170
896,2004/11/25,8.190
897,2004/11/24,8.180
898,2004/11/23,8.180
899,2004/11/22,8.180
900,2004/11/19,8.200
901,2004/11/18,8.250
902,2004/11/17,8.290
903,2004/11/16,8.290
904,2004/11/15,8.350
905,2004/11/12,8.380
906,2004/11/11,8.340
907,2004/11/10,8.290
908,2004/11/09,8.260
909,2004/11/08,8.260
910,2004/11/05,8.320
911,2004/11/04,8.320
912,2004/11/03,8.250
913,2004/11/02,8.200
914,2004/11/01,8.170
915,2004/10/29,8.130
916,2004/10/28,8.160
917,2004/10/27,8.150
918,2004/10/26,8.080
919,2004/10/22,8.040
920,2004/10/21,8.070
921,2004/10/20,8.030
922,2004/10/19,8.080
923,2004/10/18,8.080
924,2004/10/15,8.050
925,2004/10/14,8.040
926,2004/10/13,8.100
927,2004/10/12,8.150
928,2004/10/11,8.200
929,2004/10/08,8.190
930,2004/10/07,8.240
931,2004/10/06,8.300
932,2004/10/05,8.270
933,2004/10/04,8.280
934,2004/10/01,8.260
935,2004/09/30,8.110
936,2004/09/29,8.120
937,2004/09/27,8.050
938,2004/09/24,8.100
939,2004/09/23,8.080
940,2004/09/22,8.120
941,2004/09/21,8.180
942,2004/09/20,8.110
943,2004/09/17,8.150
944,2004/09/16,8.090
945,2004/09/15,8.090
946,2004/09/14,8.160
947,2004/09/13,8.170
948,2004/09/10,8.110
949,2004/09/09,8.060
950,2004/09/08,8.050
951,2004/09/07,8.080
952,2004/09/06,8.030
953,2004/09/03,8.030
954,2004/09/02,8.040
955,2004/09/01,7.990
956,2004/08/31,7.960
957,2004/08/30,7.970
958,2004/08/27,8.040
959,2004/08/26,7.990
960,2004/08/23,7.980
961,2004/08/20,7.960
962,2004/08/19,7.930
963,2004/08/18,7.960
964,2004/08/17,7.910
965,2004/08/16,7.890
966,2004/08/13,7.750
967,2004/08/12,7.760
968,2004/08/11,7.820
969,2004/08/10,7.850
970,2004/08/09,7.780
971,2004/08/06,7.770
972,2004/08/05,7.900
973,2004/08/04,7.950
974,2004/08/03,7.970
975,2004/08/02,7.980
976,2004/07/30,7.980
977,2004/07/29,7.990
978,2004/07/28,7.930
979,2004/07/27,7.910
980,2004/07/26,7.830
981,2004/07/23,7.900
982,2004/07/22,7.940
983,2004/07/21,8.000
984,2004/07/20,8.020
985,2004/07/19,7.980
986,2004/07/16,7.970
987,2004/07/15,8.000
988,2004/07/14,8.030
989,2004/07/13,8.060
990,2004/07/12,8.060
991,2004/07/09,8.090
992,2004/07/08,8.060
993,2004/07/07,8.070
994,2004/07/06,8.070
995,2004/07/05,8.130
996,2004/07/02,8.110
997,2004/07/01,8.150
998,2004/06/30,8.170
999,2004/06/29,8.200
1000,2004/06/28,8.210
1001,2004/06/25,8.190
1002,2004/06/24,8.180
1003,2004/06/23,8.190
1004,2004/06/21,8.210
1005,2004/06/18,8.190
1006,2004/06/17,8.170
1007,2004/06/16,8.200
1008,2004/06/15,8.140
1009,2004/06/14,8.070
1010,2004/06/11,8.160
1011,2004/06/10,8.160
1012,2004/06/09,8.150
1013,2004/06/08,8.240
1014,2004/06/07,8.220
1015,2004/06/04,8.100
1016,2004/06/03,8.050
1017,2004/06/02,8.090
1018,2004/06/01,8.040
1019,2004/05/31,8.060
1020,2004/05/28,8.070
1021,2004/05/27,8.070
1022,2004/05/26,8.020
1023,2004/05/25,7.970
1024,2004/05/24,7.930
1025,2004/05/21,7.900
1026,2004/05/20,7.880
1027,2004/05/19,7.880
1028,2004/05/18,7.860
1029,2004/05/17,7.810
1030,2004/05/14,7.870
1031,2004/05/13,7.900
1032,2004/05/12,7.860
1033,2004/05/11,7.920
1034,2004/05/10,7.840
1035,2004/05/07,7.980
1036,2004/05/06,8.050
1037,2004/05/05,8.150
1038,2004/05/04,8.060
1039,2004/05/03,8.060
1040,2004/04/30,8.010
1041,2004/04/29,8.020
1042,2004/04/28,8.050
1043,2004/04/27,8.140
1044,2004/04/26,8.120
1045,2004/04/23,8.170
1046,2004/04/22,8.130
1047,2004/04/21,8.050
1048,2004/04/20,8.070
1049,2004/04/19,8.120
1050,2004/04/16,8.100
1051,2004/04/15,8.040
1052,2004/04/14,8.050
1053,2004/04/13,8.120
1054,2004/04/12,8.150
1055,2004/04/09,8.140
1056,2004/04/08,8.180
1057,2004/04/07,8.120
1058,2004/04/06,8.160
1059,2004/04/05,8.200
1060,2004/04/02,8.180
1061,2004/04/01,8.060
1062,2004/03/31,8.030
1063,2004/03/30,8.060
1064,2004/03/29,8.040
1065,2004/03/26,7.970
1066,2004/03/25,7.960
1067,2004/03/24,7.880
1068,2004/03/23,7.900
1069,2004/03/22,7.880
1070,2004/03/19,8.020
1071,2004/03/18,8.040
1072,2004/03/17,8.080
1073,2004/03/16,7.990
1074,2004/03/15,7.980
1075,2004/03/12,8.090
1076,2004/03/11,8.010
1077,2004/03/10,8.190
1078,2004/03/09,8.270
1079,2004/03/08,8.330
1080,2004/03/05,8.310
1081,2004/03/04,8.290
1082,2004/03/03,8.260
1083,2004/03/02,8.320
1084,2004/03/01,8.320
1085,2004/02/27,8.250
1086,2004/02/26,8.260
1087,2004/02/25,8.280
1088,2004/02/24,8.230
1089,2004/02/23,8.280
1090,2004/02/20,8.330
1091,2004/02/19,8.340
1092,2004/02/18,8.330
1093,2004/02/17,8.330
1094,2004/02/16,8.240
1095,2004/02/13,8.260
1096,2004/02/12,8.280
1097,2004/02/11,8.290
1098,2004/02/10,8.260
1099,2004/02/09,8.240
1100,2004/02/06,8.200
1101,2004/02/05,8.120
1102,2004/02/04,8.130
1103,2004/02/03,8.150
1104,2004/02/02,8.180
1105,2004/01/30,8.160
1106,2004/01/29,8.200
1107,2004/01/28,8.230
1108,2004/01/27,8.290
1109,2004/01/20,8.280
1110,2004/01/19,8.310
1111,2004/01/16,8.330
1112,2004/01/15,8.290
1113,2004/01/14,8.320
1114,2004/01/13,8.270
1115,2004/01/12,8.310
1116,2004/01/09,8.310
1117,2004/01/08,8.320
1118,2004/01/07,8.300
1119,2004/01/06,8.300
1120,2004/01/05,8.300
1121,2004/01/02,8.210
1122,2003/12/31,8.190
1123,2003/12/30,8.170
1124,2003/12/29,8.140
1125,2003/12/26,8.080
1126,2003/12/25,8.050
1127,2003/12/24,8.060
1128,2003/12/23,8.060
1129,2003/12/22,8.040
1130,2003/12/19,8.030
1131,2003/12/18,8.020
1132,2003/12/17,7.930
1133,2003/12/16,7.940
1134,2003/12/15,7.910
1135,2003/12/12,7.930
1136,2003/12/11,7.900
1137,2003/12/10,7.840
1138,2003/12/09,7.870
1139,2003/12/08,7.880
1140,2003/12/05,7.880
1141,2003/12/04,7.930
1142,2003/12/03,7.930
1143,2003/12/02,7.910
1144,2003/12/01,7.940
1145,2003/11/28,7.820
1146,2003/11/27,7.840
1147,2003/11/26,7.790
1148,2003/11/25,7.750
1149,2003/11/24,7.750
1150,2003/11/21,7.620
1151,2003/11/20,7.620
1152,2003/11/19,7.650
1153,2003/11/18,7.630
1154,2003/11/17,7.650
1155,2003/11/14,7.740
1156,2003/11/13,7.740
1157,2003/11/12,7.710
1158,2003/11/11,7.630
1159,2003/11/10,7.650
1160,2003/11/07,7.670
1161,2003/11/06,7.680
1162,2003/11/05,7.680
1163,2003/11/04,7.700
1164,2003/11/03,7.740
1165,2003/10/31,7.680
1166,2003/10/30,7.670
1167,2003/10/29,7.680
1168,2003/10/28,7.670
1169,2003/10/27,7.580
1170,2003/10/24,7.570
1171,2003/10/23,7.590
1172,2003/10/22,7.620
1173,2003/10/21,7.710
1174,2003/10/20,7.680
1175,2003/10/17,7.650
1176,2003/10/16,7.720
1177,2003/10/15,7.730
1178,2003/10/14,7.730
1179,2003/10/13,7.680
1180,2003/10/09,7.640
1181,2003/10/08,7.590
1182,2003/10/07,7.600
1183,2003/10/06,7.570
1184,2003/10/03,7.570
1185,2003/10/02,7.490
1186,2003/10/01,7.450
1187,2003/09/30,7.330
1188,2003/09/29,7.370
1189,2003/09/26,7.350
1190,2003/09/25,7.390
1191,2003/09/24,7.430
1192,2003/09/23,7.510
1193,2003/09/22,7.500
1194,2003/09/19,7.620
1195,2003/09/18,7.670
1196,2003/09/17,7.580
1197,2003/09/16,7.610
1198,2003/09/15,7.530
1199,2003/09/12,7.500
1200,2003/09/10,7.490
1201,2003/09/09,7.550
1202,2003/09/08,7.610
1203,2003/09/05,7.520
1204,2003/09/04,7.530
1205,2003/09/03,7.500
1206,2003/09/02,7.460
1207,2003/09/01,7.420
1208,2003/08/29,7.360
1209,2003/08/28,7.350
1210,2003/08/27,7.330
1211,2003/08/26,7.310
1212,2003/08/25,7.330
1213,2003/08/22,7.370
1214,2003/08/21,7.430
1215,2003/08/20,7.410
1216,2003/08/19,7.450
1217,2003/08/18,7.460
1218,2003/08/15,7.420
1219,2003/08/14,7.430
1220,2003/08/13,7.350
1221,2003/08/12,7.390
1222,2003/08/11,7.320
1223,2003/08/08,7.310
1224,2003/08/07,7.270
1225,2003/08/06,7.260
1226,2003/08/05,7.280
1227,2003/08/04,7.310
1228,2003/08/01,7.320
1229,2003/07/31,7.410
1230,2003/07/30,7.390
1231,2003/07/29,7.410
1232,2003/07/28,7.440
1233,2003/07/25,7.410
1234,2003/07/24,7.360
1235,2003/07/23,7.330
1236,2003/07/22,7.330
1237,2003/07/21,7.270
1238,2003/07/18,7.370
1239,2003/07/17,7.310
1240,2003/07/16,7.380
1241,2003/07/15,7.440
1242,2003/07/14,7.460
1243,2003/07/11,7.410
1244,2003/07/10,7.340
1245,2003/07/09,7.400
1246,2003/07/08,7.470
1247,2003/07/07,7.490
1248,2003/07/04,7.350
1249,2003/07/03,7.380
1250,2003/07/02,7.410
1251,2003/07/01,7.300
1252,2003/06/30,7.310
1253,2003/06/27,7.370
1254,2003/06/26,7.400
1255,2003/06/25,7.370
1256,2003/06/24,7.420
1257,2003/06/23,7.430
1258,2003/06/20,7.580
1259,2003/06/19,7.540
1260,2003/06/18,7.660
1261,2003/06/17,7.660
1262,2003/06/16,7.630
1263,2003/06/13,7.500
1264,2003/06/12,7.560
1265,2003/06/11,7.530
1266,2003/06/10,7.450
1267,2003/06/09,7.420
1268,2003/06/06,7.500
1269,2003/06/05,7.410
1270,2003/06/03,7.360
1271,2003/06/02,7.330
1272,2003/05/30,7.290
1273,2003/05/29,7.230
1274,2003/05/28,7.250
1275,2003/05/27,7.180
1276,2003/05/26,7.100
1277,2003/05/23,7.090
1278,2003/05/22,7.090
1279,2003/05/21,7.040
1280,2003/05/20,7.060
1281,2003/05/19,7.060
1282,2003/05/16,7.170
1283,2003/05/15,7.170
1284,2003/05/14,7.150
1285,2003/05/13,7.180
1286,2003/05/12,7.190
1287,2003/05/09,7.140
1288,2003/05/08,7.030
1289,2003/05/07,7.130
1290,2003/05/06,7.150
1291,2003/05/05,7.080
1292,2003/05/02,7.090
1293,2003/04/30,7.020
1294,2003/04/29,7.000
1295,2003/04/28,7.020
1296,2003/04/25,6.910
1297,2003/04/24,6.990
1298,2003/04/23,7.030
1299,2003/04/22,6.960
1300,2003/04/21,6.890
1301,2003/04/18,6.890
1302,2003/04/17,6.900
1303,2003/04/16,6.820
1304,2003/04/15,6.880
1305,2003/04/14,6.810
1306,2003/04/11,6.720
1307,2003/04/10,6.720
1308,2003/04/09,6.770
1309,2003/04/08,6.820
1310,2003/04/07,6.850
1311,2003/04/04,6.790
1312,2003/04/03,6.760
1313,2003/04/02,6.770
1314,2003/04/01,6.610
1315,2003/03/31,6.520
1316,2003/03/28,6.650
1317,2003/03/27,6.690
1318,2003/03/26,6.730
1319,2003/03/25,6.750
1320,2003/03/24,6.690
1321,2003/03/21,6.900
1322,2003/03/20,6.740
1323,2003/03/19,6.750
1324,2003/03/18,6.670
1325,2003/03/17,6.680
1326,2003/03/14,6.500
1327,2003/03/13,6.390
1328,2003/03/12,6.190
1329,2003/03/11,6.220
1330,2003/03/10,6.250
1331,2003/03/07,6.390
1332,2003/03/06,6.410
1333,2003/03/05,6.440
1334,2003/03/04,6.430
1335,2003/03/03,6.530
1336,2003/02/27,6.500
1337,2003/02/26,6.440
1338,2003/02/25,6.510
1339,2003/02/24,6.540
1340,2003/02/21,6.650
1341,2003/02/20,6.590
1342,2003/02/19,6.620
1343,2003/02/18,6.690
1344,2003/02/17,6.610
1345,2003/02/14,6.580
1346,2003/02/13,6.450
1347,2003/02/12,6.460
1348,2003/02/11,6.560
1349,2003/02/10,6.530
1350,2003/02/07,6.530
1351,2003/02/06,6.570
1352,2003/01/30,6.640
1353,2003/01/29,6.670
1354,2003/01/28,6.630
1355,2003/01/27,6.570
1356,2003/01/24,6.700
1357,2003/01/23,6.840
1358,2003/01/22,6.820
1359,2003/01/21,6.890
1360,2003/01/20,6.920
1361,2003/01/17,6.960
1362,2003/01/16,7.060
1363,2003/01/15,7.080
1364,2003/01/14,7.180
1365,2003/01/13,7.160
1366,2003/01/10,7.150
1367,2003/01/09,7.150
1368,2003/01/08,7.060
1369,2003/01/07,7.150
1370,2003/01/06,7.200
1371,2003/01/03,7.120
1372,2003/01/02,7.120
1373,2002/12/31,6.930
1374,2002/12/30,6.920
1375,2002/12/27,6.990
1376,2002/12/26,6.990
1377,2002/12/25,6.980
1378,2002/12/24,7.000
1379,2002/12/23,6.980
1380,2002/12/20,6.920
1381,2002/12/19,6.960
1382,2002/12/18,7.050
1383,2002/12/17,7.090
1384,2002/12/16,6.930
1385,2002/12/13,7.010
1386,2002/12/12,7.060
1387,2002/12/11,7.040
1388,2002/12/10,6.980
1389,2002/12/09,7.070
1390,2002/12/06,7.070
1391,2002/12/05,7.160
1392,2002/12/04,7.160
1393,2002/12/03,7.260
1394,2002/12/02,7.260
1395,2002/11/29,7.280
1396,2002/11/28,7.270
1397,2002/11/27,7.130
1398,2002/11/26,7.260
1399,2002/11/25,7.290
1400,2002/11/22,7.300
1401,2002/11/21,7.170
1402,2002/11/20,7.140
1403,2002/11/19,7.150
1404,2002/11/18,7.170
1405,2002/11/15,7.120
1406,2002/11/14,7.010
1407,2002/11/13,7.000
1408,2002/11/12,6.930
1409,2002/11/11,6.970
1410,2002/11/08,7.040
1411,2002/11/07,7.180
1412,2002/11/06,7.200
1413,2002/11/05,7.120
1414,2002/11/04,7.010
1415,2002/11/01,7.000
1416,2002/10/31,6.950
1417,2002/10/30,6.870
1418,2002/10/29,6.990
1419,2002/10/28,7.020
1420,2002/10/25,6.950
1421,2002/10/24,6.940
1422,2002/10/23,6.980
1423,2002/10/22,7.080
1424,2002/10/21,7.040
1425,2002/10/18,7.040
1426,2002/10/17,6.860
1427,2002/10/16,7.010
1428,2002/10/15,6.720
1429,2002/10/14,6.720
1430,2002/10/11,6.510
1431,2002/10/09,6.440
1432,2002/10/08,6.410
1433,2002/10/07,6.510
1434,2002/10/04,6.610
1435,2002/10/03,6.670
1436,2002/10/02,6.700
1437,2002/10/01,6.520
1438,2002/09/30,6.670
1439,2002/09/27,6.780
1440,2002/09/26,6.610
1441,2002/09/25,6.490
1442,2002/09/24,6.580
1443,2002/09/23,6.690
1444,2002/09/20,6.680
1445,2002/09/19,6.780
1446,2002/09/18,6.900
1447,2002/09/17,7.010
1448,2002/09/16,7.030
1449,2002/09/13,6.990
1450,2002/09/12,7.190
1451,2002/09/11,7.150
1452,2002/09/10,7.030
1453,2002/09/09,7.040
1454,2002/09/05,6.960
1455,2002/09/04,6.880
1456,2002/09/03,7.170
1457,2002/09/02,7.240
1458,2002/08/30,7.210
1459,2002/08/29,7.260
1460,2002/08/28,7.420
1461,2002/08/27,7.420
1462,2002/08/26,7.410
1463,2002/08/23,7.530
1464,2002/08/22,7.420
1465,2002/08/21,7.330
1466,2002/08/20,7.460
1467,2002/08/19,7.270
1468,2002/08/16,7.240
1469,2002/08/15,7.120
1470,2002/08/14,6.990
1471,2002/08/13,7.070
1472,2002/08/12,7.170
1473,2002/08/09,7.130
1474,2002/08/08,6.900
1475,2002/08/07,6.810
1476,2002/08/06,6.670
1477,2002/08/05,6.830
1478,2002/08/02,6.880
1479,2002/08/01,7.080
1480,2002/07/31,7.030
1481,2002/07/30,7.020
1482,2002/07/29,6.740
1483,2002/07/26,6.620
1484,2002/07/25,6.470
1485,2002/07/24,6.330
1486,2002/07/23,6.460
1487,2002/07/22,6.670
1488,2002/07/19,6.910
1489,2002/07/18,6.990
1490,2002/07/17,6.860
1491,2002/07/16,6.930
1492,2002/07/15,7.070
1493,2002/07/12,7.100
1494,2002/07/11,7.180
1495,2002/07/10,7.400
1496,2002/07/09,7.560
1497,2002/07/08,7.610
1498,2002/07/05,7.380
1499,2002/07/04,7.360
1500,2002/07/03,7.390
1501,2002/07/02,7.590
1502,2002/07/01,7.660
1503,2002/06/28,7.580
1504,2002/06/27,7.450
1505,2002/06/26,7.480
1506,2002/06/25,7.510
1507,2002/06/24,7.520
1508,2002/06/21,7.640
1509,2002/06/20,7.780
1510,2002/06/19,7.890
1511,2002/06/18,7.900
1512,2002/06/17,7.700
1513,2002/06/14,7.790
1514,2002/06/13,7.870
1515,2002/06/12,7.890
1516,2002/06/11,7.920
1517,2002/06/10,7.940
1518,2002/06/07,7.960
1519,2002/06/06,8.060
1520,2002/06/05,8.020
1521,2002/06/04,8.070
1522,2002/06/03,8.230
1523,2002/05/31,8.190
1524,2002/05/30,8.230
1525,2002/05/29,8.270
1526,2002/05/28,8.360
1527,2002/05/27,8.380
1528,2002/05/24,8.480
1529,2002/05/23,8.400
1530,2002/05/22,8.400
1531,2002/05/21,8.490
1532,2002/05/20,8.540
1533,2002/05/17,8.520
1534,2002/05/16,8.460
1535,2002/05/15,8.490
1536,2002/05/14,8.380
1537,2002/05/13,8.260
1538,2002/05/10,8.360
1539,2002/05/09,8.470
1540,2002/05/08,8.220
1541,2002/05/07,8.280
1542,2002/05/06,8.360
1543,2002/05/03,8.440
1544,2002/05/02,8.460
1545,2002/04/30,8.420
1546,2002/04/29,8.440
1547,2002/04/26,8.530
1548,2002/04/25,8.540
1549,2002/04/24,8.600
1550,2002/04/23,8.660
1551,2002/04/22,8.780
1552,2002/04/19,8.800
1553,2002/04/18,8.810
1554,2002/04/17,8.820
1555,2002/04/16,8.650
1556,2002/04/15,8.660
1557,2002/04/12,8.620
1558,2002/04/11,8.800
1559,2002/04/10,8.730
1560,2002/04/09,8.790
1561,2002/04/08,8.830
1562,2002/04/04,8.930
1563,2002/04/03,8.970
1564,2002/04/02,9.010
1565,2002/04/01,9.020
1566,2002/03/29,9.030
1567,2002/03/28,9.000
1568,2002/03/27,8.980
1569,2002/03/26,8.960
1570,2002/03/25,9.050
1571,2002/03/22,9.090
1572,2002/03/21,9.060
1573,2002/03/20,9.220
1574,2002/03/19,9.170
1575,2002/03/18,9.170
1576,2002/03/15,9.050
1577,2002/03/14,9.020
1578,2002/03/13,9.080
1579,2002/03/12,9.120
1580,2002/03/11,9.130
1581,2002/03/08,9.080
1582,2002/03/07,9.050
1583,2002/03/06,8.980
1584,2002/03/05,9.010
1585,2002/03/04,8.840
1586,2002/03/01,8.700
1587,2002/02/27,8.660
1588,2002/02/26,8.660
1589,2002/02/25,8.550
1590,2002/02/22,8.540
1591,2002/02/21,8.590
1592,2002/02/20,8.540
1593,2002/02/19,8.710
1594,2002/02/18,8.730
1595,2002/02/15,8.820
1596,2002/02/08,8.540
1597,2002/02/07,8.530
1598,2002/02/06,8.580
1599,2002/02/05,8.630
1600,2002/02/04,8.800
1601,2002/02/01,8.880
1602,2002/01/31,8.760
1603,2002/01/30,8.780
1604,2002/01/29,8.980
1605,2002/01/28,9.000
1606,2002/01/25,9.050
1607,2002/01/24,9.010
1608,2002/01/23,8.980
1609,2002/01/22,9.030
1610,2002/01/21,9.030
1611,2002/01/18,9.100
1612,2002/01/17,9.020
1613,2002/01/16,9.150
1614,2002/01/15,9.130
1615,2002/01/14,9.210
1616,2002/01/11,9.270
1617,2002/01/10,9.290
1618,2002/01/09,9.320
1619,2002/01/08,9.420
1620,2002/01/07,9.450
1621,2002/01/04,9.430
1622,2002/01/03,9.310
1623,2002/01/02,9.300
1624,2001/12/31,9.350
1625,2001/12/28,9.320
1626,2001/12/27,9.240
1627,2001/12/26,9.240
1628,2001/12/25,9.210
1629,2001/12/24,9.260
1630,2001/12/21,9.180
1631,2001/12/20,9.210
1632,2001/12/19,9.190
1633,2001/12/18,9.140
1634,2001/12/17,8.970
1635,2001/12/14,8.960
1636,2001/12/13,9.100
1637,2001/12/12,9.080
1638,2001/12/11,9.110
1639,2001/12/10,9.290
1640,2001/12/07,9.340
1641,2001/12/06,9.340
1642,2001/12/05,9.110
1643,2001/12/04,9.030
1644,2001/12/03,9.090
1645,2001/11/30,9.080
1646,2001/11/29,9.030
1647,2001/11/28,9.160
1648,2001/11/27,9.220
1649,2001/11/26,9.150
1650,2001/11/23,9.130
1651,2001/11/22,9.110
1652,2001/11/21,9.160
1653,2001/11/20,9.260
1654,2001/11/19,9.170
1655,2001/11/16,9.140
1656,2001/11/15,9.110
1657,2001/11/14,9.160
1658,2001/11/13,8.980
1659,2001/11/12,9.050
1660,2001/11/09,9.080
1661,2001/11/08,8.980
1662,2001/11/07,8.980
1663,2001/11/06,8.900
1664,2001/11/05,8.770
1665,2001/11/02,8.720
1666,2001/11/01,8.610
1667,2001/10/31,8.580
1668,2001/10/30,8.740
1669,2001/10/29,8.910
1670,2001/10/26,8.830
1671,2001/10/25,8.810
1672,2001/10/24,8.810
1673,2001/10/23,8.780
1674,2001/10/22,8.670
1675,2001/10/19,8.690
1676,2001/10/18,8.770
1677,2001/10/17,8.800
1678,2001/10/16,8.760
1679,2001/10/15,8.820
1680,2001/10/12,8.860
1681,2001/10/11,8.720
1682,2001/10/09,8.640
1683,2001/10/08,8.680
1684,2001/10/05,8.660
1685,2001/10/04,8.540
1686,2001/10/03,8.480
1687,2001/10/02,8.420
1688,2001/09/28,8.280
1689,2001/09/27,8.170
1690,2001/09/26,8.130
1691,2001/09/25,8.040
1692,2001/09/24,7.760
1693,2001/09/21,7.980
1694,2001/09/20,8.230
1695,2001/09/19,8.310
1696,2001/09/12,8.600
1697,2001/09/11,8.760
1698,2001/09/10,8.720
1699,2001/09/07,8.890
1700,2001/09/06,9.080
1701,2001/09/05,9.180
1702,2001/09/04,9.130
1703,2001/09/03,9.210
1704,2001/08/31,9.200
1705,2001/08/30,9.390
1706,2001/08/29,9.440
1707,2001/08/28,9.570
1708,2001/08/27,9.590
1709,2001/08/24,9.430
1710,2001/08/23,9.480
1711,2001/08/22,9.420
1712,2001/08/21,9.460
1713,2001/08/20,9.410
1714,2001/08/17,9.570
1715,2001/08/16,9.580
1716,2001/08/15,9.620
1717,2001/08/14,9.590
1718,2001/08/13,9.590
1719,2001/08/10,9.580
1720,2001/08/09,9.660
1721,2001/08/08,9.810
1722,2001/08/07,9.810
1723,2001/08/06,9.850
1724,2001/08/03,9.940
1725,2001/08/02,9.890
1726,2001/08/01,9.830
1727,2001/07/31,9.740
1728,2001/07/27,9.700
1729,2001/07/26,9.630
1730,2001/07/25,9.590
1731,2001/07/24,9.700
1732,2001/07/23,9.800
1733,2001/07/20,9.830
1734,2001/07/19,9.730
1735,2001/07/18,9.820
1736,2001/07/17,9.820
1737,2001/07/16,9.910
1738,2001/07/13,9.860
1739,2001/07/12,9.700
1740,2001/07/11,9.790
1741,2001/07/10,9.790
1742,2001/07/09,9.690
1743,2001/07/06,9.910
1744,2001/07/05,10.05
1745,2001/07/04,10.10
1746,2001/07/03,10.12
1747,2001/07/02,10.00
1748,2001/06/29,10.03
1749,2001/06/28,9.940
1750,2001/06/27,10.02
1751,2001/06/26,10.07
1752,2001/06/22,10.17
1753,2001/06/21,10.10
1754,2001/06/20,10.08
1755,2001/06/19,10.04
1756,2001/06/18,10.09
1757,2001/06/15,10.14
1758,2001/06/14,10.26
1759,2001/06/13,10.29
1760,2001/06/12,10.33
1761,2001/06/11,10.42
1762,2001/06/08,10.47
1763,2001/06/07,10.48
1764,2001/06/06,10.53
1765,2001/06/05,10.43
1766,2001/06/04,10.37
1767,2001/06/01,10.36
1768,2001/05/31,10.33
1769,2001/05/30,10.49
1770,2001/05/29,10.58
1771,2001/05/28,10.71
1772,2001/05/25,10.53
1773,2001/05/24,10.52
1774,2001/05/23,10.67
1775,2001/05/22,10.68
1776,2001/05/21,10.55
1777,2001/05/18,10.36
1778,2001/05/17,10.24
1779,2001/05/16,10.13
1780,2001/05/15,10.10
1781,2001/05/14,10.15
1782,2001/05/11,10.25
1783,2001/05/10,10.23
1784,2001/05/09,10.30
1785,2001/05/08,10.32
1786,2001/05/07,10.31
1787,2001/05/04,10.21
1788,2001/05/03,10.36
1789,2001/05/02,10.32
1790,2001/04/30,10.23
1791,2001/04/27,10.10
1792,2001/04/26,10.02
1793,2001/04/25,9.970
1794,2001/04/24,10.00
1795,2001/04/23,10.16
1796,2001/04/20,10.20
1797,2001/04/19,10.07
1798,2001/04/18,9.740
1799,2001/04/17,9.710
1800,2001/04/16,9.730
1801,2001/04/13,9.740
1802,2001/04/12,9.630
1803,2001/04/11,9.620
1804,2001/04/10,9.410
1805,2001/04/09,9.360
1806,2001/04/06,9.490
1807,2001/04/04,9.140
1808,2001/04/03,9.380
1809,2001/04/02,9.520
1810,2001/03/30,9.440
1811,2001/03/29,9.520
1812,2001/03/28,9.700
1813,2001/03/27,9.500
1814,2001/03/26,9.320
1815,2001/03/23,9.160
1816,2001/03/22,9.350
1817,2001/03/21,9.420
1818,2001/03/20,9.490
1819,2001/03/19,9.460
1820,2001/03/16,9.660
1821,2001/03/15,9.530
1822,2001/03/14,9.730
1823,2001/03/13,9.710
1824,2001/03/12,10.09
1825,2001/03/09,10.24
1826,2001/03/08,10.31
1827,2001/03/07,10.23
1828,2001/03/06,10.09
1829,2001/03/05,10.03
1830,2001/03/02,10.08
1831,2001/03/01,10.11
1832,2001/02/27,11.58
1833,2001/02/26,11.37
1834,2001/02/23,11.47
1835,2001/02/22,11.50
1836,2001/02/21,11.74
1837,2001/02/20,11.88
1838,2001/02/19,11.90
1839,2001/02/16,12.15
1840,2001/02/15,12.12
1841,2001/02/14,12.24
1842,2001/02/13,12.32
1843,2001/02/12,12.19
1844,2001/02/09,12.39
1845,2001/02/08,12.51
1846,2001/02/07,12.67
1847,2001/02/06,12.69
1848,2001/02/05,12.73
1849,2001/02/02,12.91
1850,2001/02/01,12.91
1851,2001/01/31,12.91
1852,2001/01/30,12.92
1853,2001/01/29,12.92
1854,2001/01/20,12.91
1855,2001/01/19,12.87
1856,2001/01/18,12.81
1857,2001/01/17,12.70
1858,2001/01/16,12.77
1859,2001/01/15,12.82
1860,2001/01/12,12.78
1861,2001/01/11,12.64
1862,2001/01/10,12.67
1863,2001/01/09,12.74
1864,2001/01/08,12.84
1865,2001/01/05,12.95
1866,2001/01/04,13.16
1867,2001/01/03,12.84
1868,2001/01/02,13.08
1869,2000/12/30,13.04
1870,2000/12/29,13.16
1871,2000/12/28,13.17
1872,2000/12/27,13.04
1873,2000/12/26,12.90
1874,2000/12/22,12.75
1875,2000/12/21,12.72
1876,2000/12/20,13.16
1877,2000/12/19,13.25
1878,2000/12/18,13.28
1879,2000/12/16,13.28
1880,2000/12/15,13.40
1881,2000/12/14,13.62
1882,2000/12/13,13.75
1883,2000/12/12,13.87
1884,2000/12/11,13.71
1885,2000/12/08,13.46
1886,2000/12/07,13.48
1887,2000/12/06,13.60
1888,2000/12/05,13.08
1889,2000/12/04,13.09
1890,2000/12/02,13.06
1891,2000/12/01,12.91
1892,2000/11/30,13.14
1893,2000/11/29,13.13
1894,2000/11/28,13.20
1895,2000/11/27,13.06
1896,2000/11/24,12.90
1897,2000/11/23,12.96
1898,2000/11/22,13.23
1899,2000/11/21,13.08
1900,2000/11/20,13.31
1901,2000/11/18,13.25
1902,2000/11/17,13.27
1903,2000/11/16,13.43
1904,2000/11/15,13.35
1905,2000/11/14,13.05
1906,2000/11/13,13.26
1907,2000/11/10,13.43
1908,2000/11/09,13.67
1909,2000/11/08,13.95
1910,2000/11/07,14.01
1911,2000/11/06,13.92
1912,2000/11/04,13.94
1913,2000/11/03,13.95
1914,2000/11/02,13.85
1915,2000/11/01,13.79
1916,2000/10/31,13.54
1917,2000/10/30,13.59
1918,2000/10/27,13.42
1919,2000/10/26,13.50
1920,2000/10/25,13.96
1921,2000/10/24,13.89
1922,2000/10/23,14.00
1923,2000/10/21,14.02
1924,2000/10/20,13.78
1925,2000/10/19,13.52
1926,2000/10/18,13.76
1927,2000/10/17,14.00
1928,2000/10/16,13.84
1929,2000/10/13,13.56
1930,2000/10/12,13.54
1931,2000/10/11,13.75
1932,2000/10/09,13.92
1933,2000/10/07,13.94
1934,2000/10/06,14.16
1935,2000/10/05,14.16
1936,2000/10/04,14.22
1937,2000/10/03,14.28
1938,2000/10/02,14.23
1939,2000/09/30,14.23
1940,2000/09/29,14.35
1941,2000/09/28,14.31
1942,2000/09/27,14.24
1943,2000/09/26,14.37
1944,2000/09/25,14.30
1945,2000/09/22,14.29
1946,2000/09/21,14.40
1947,2000/09/20,14.42
1948,2000/09/19,14.34
1949,2000/09/18,14.62
1950,2000/09/16,14.63
1951,2000/09/15,14.62
1952,2000/09/14,14.56
1953,2000/09/13,14.58
1954,2000/09/11,14.85
1955,2000/09/08,15.00
1956,2000/09/07,14.98
1957,2000/09/06,15.24
1958,2000/09/05,15.48
1959,2000/09/04,15.34
1960,2000/09/02,15.34
1961,2000/09/01,15.27
1962,2000/08/31,15.01
1963,2000/08/30,15.07
1964,2000/08/29,15.13
1965,2000/08/28,15.04
1966,2000/08/25,15.09
1967,2000/08/24,15.03
1968,2000/08/22,15.03
1969,2000/08/21,14.96
1970,2000/08/19,14.96
1971,2000/08/18,14.99
1972,2000/08/17,14.82
1973,2000/08/16,14.77
1974,2000/08/15,14.78
1975,2000/08/14,14.64
1976,2000/08/11,14.64
1977,2000/08/10,14.69
1978,2000/08/09,14.74
1979,2000/08/08,14.68
1980,2000/08/07,14.39
1981,2000/08/05,14.38
1982,2000/08/04,14.35
1983,2000/08/03,14.34
1984,2000/08/02,14.41
1985,2000/08/01,14.43
1986,2000/07/31,14.31
1987,2000/07/29,14.31
1988,2000/07/28,14.70
1989,2000/07/27,14.97
1990,2000/07/26,15.00
1991,2000/07/25,14.95
1992,2000/07/24,15.09
1993,2000/07/21,15.21
1994,2000/07/20,14.92
1995,2000/07/19,15.00
1996,2000/07/18,15.17
1997,2000/07/17,15.07
1998,2000/07/15,15.06
1999,2000/07/14,14.92
2000,2000/07/13,14.82
2001,2000/07/12,14.69
2002,2000/07/11,14.66
2003,2000/07/10,14.61
2004,2000/07/07,14.42
2005,2000/07/06,14.44
2006,2000/07/05,14.58
2007,2000/07/04,14.60
2008,2000/07/03,14.41
2009,2000/06/30,14.24
2010,2000/06/29,14.38
2011,2000/06/28,14.31
2012,2000/06/27,14.33
2013,2000/06/26,14.26
2014,2000/06/23,14.45
2015,2000/06/22,14.73
2016,2000/06/21,14.74
2017,2000/06/20,14.73
2018,2000/06/19,14.55
2019,2000/06/17,14.55
2020,2000/06/16,14.54
2021,2000/06/15,14.56
2022,2000/06/14,14.54
2023,2000/06/13,14.43
2024,2000/06/12,14.46
2025,2000/06/09,14.52
2026,2000/06/08,14.55
2027,2000/06/07,14.50
2028,2000/06/05,14.55
2029,2000/06/03,14.55
2030,2000/06/02,14.23
2031,2000/06/01,14.02
2032,2000/05/31,13.92
2033,2000/05/30,13.57
2034,2000/05/29,13.44
2035,2000/05/26,13.51
2036,2000/05/25,13.42
2037,2000/05/24,13.40
2038,2000/05/23,13.55
2039,2000/05/22,13.74
2040,2000/05/20,13.74
2041,2000/05/19,14.20
2042,2000/05/18,14.32
2043,2000/05/17,14.55
2044,2000/05/16,14.40
2045,2000/05/15,14.20
2046,2000/05/12,14.02
2047,2000/05/11,14.06
2048,2000/05/10,14.31
2049,2000/05/09,14.55
2050,2000/05/08,14.67
2051,2000/05/06,14.67
2052,2000/05/05,14.51
2053,2000/05/04,14.56
2054,2000/05/03,14.84
2055,2000/05/02,14.79
2056,2000/04/29,14.68
2057,2000/04/28,14.54
2058,2000/04/27,14.57
2059,2000/04/26,14.62
2060,2000/04/25,14.25
2061,2000/04/24,14.38
2062,2000/04/21,14.32
2063,2000/04/20,14.34
2064,2000/04/19,14.21
2065,2000/04/18,13.93
2066,2000/04/17,13.92
2067,2000/04/15,13.84
2068,2000/04/14,14.42
2069,2000/04/13,14.66
2070,2000/04/12,14.98
2071,2000/04/11,15.29
2072,2000/04/10,15.42
2073,2000/04/08,15.45
2074,2000/04/07,15.15
2075,2000/04/06,14.90
2076,2000/04/05,15.15
2077,2000/04/01,15.71
2078,2000/03/31,15.67
2079,2000/03/30,16.08
2080,2000/03/29,16.25
2081,2000/03/28,16.32
2082,2000/03/27,16.33
2083,2000/03/24,16.22
2084,2000/03/23,16.23
2085,2000/03/22,16.18
2086,2000/03/21,16.09
2087,2000/03/20,16.14
2088,2000/03/17,15.93
2089,2000/03/16,15.74
2090,2000/03/15,16.02
2091,2000/03/14,16.19
2092,2000/03/13,16.60
2093,2000/03/10,16.54
2094,2000/03/09,16.45
2095,2000/03/08,16.39
2096,2000/03/07,16.51
2097,2000/03/06,16.58
2098,2000/03/04,16.57
2099,2000/03/03,16.35
2100,2000/03/02,16.12
2101,2000/03/01,17.28
2102,2000/02/29,17.19
2103,2000/02/25,17.48
2104,2000/02/24,17.32
2105,2000/02/23,16.90
2106,2000/02/22,17.05
2107,2000/02/21,17.02
2108,2000/02/19,17.04
2109,2000/02/18,17.33
2110,2000/02/17,17.09
2111,2000/02/16,17.09
2112,2000/02/15,17.34
2113,2000/02/14,17.40
2114,2000/02/11,17.41
2115,2000/02/10,17.23
2116,2000/02/09,17.34
2117,2000/02/08,17.22
2118,2000/02/03,16.08
2119,2000/02/02,15.75
2120,2000/02/01,15.55
2121,2000/01/31,15.71
2122,2000/01/29,15.73
2123,2000/01/28,15.79
2124,2000/01/27,15.80
2125,2000/01/26,15.78
2126,2000/01/25,15.87
2127,2000/01/24,16.03
2128,2000/01/21,16.04
2129,2000/01/20,15.90
2130,2000/01/19,15.96
2131,2000/01/18,16.00
2132,2000/01/17,15.82
2133,2000/01/15,15.83
2134,2000/01/14,15.60
2135,2000/01/13,15.40
2136,2000/01/12,15.49
2137,2000/01/11,15.55
2138,2000/01/10,15.08
2139,2000/01/07,14.94
2140,2000/01/06,15.31
2141,2000/01/05,15.86
2142,2000/01/04,16.21
2143,1999/12/30,16.27
2144,1999/12/29,16.18
2145,1999/12/28,16.05
2146,1999/12/27,15.94
2147,1999/12/24,15.89
2148,1999/12/23,15.64
2149,1999/12/22,15.57
2150,1999/12/21,15.54
2151,1999/12/20,15.55
2152,1999/12/18,15.55
2153,1999/12/17,15.40
2154,1999/12/16,15.29
2155,1999/12/15,15.46
2156,1999/12/14,15.56
2157,1999/12/13,15.49
2158,1999/12/10,15.40
2159,1999/12/09,15.36
2160,1999/12/08,15.22
2161,1999/12/07,15.16
2162,1999/12/06,14.84
2163,1999/12/04,14.85
2164,1999/12/03,14.56
2165,1999/12/02,14.49
2166,1999/12/01,14.40
2167,1999/11/30,14.67
2168,1999/11/29,14.64
2169,1999/11/26,14.45
2170,1999/11/25,14.36
2171,1999/11/24,14.16
2172,1999/11/23,14.18
2173,1999/11/22,14.18
2174,1999/11/20,14.21
2175,1999/11/19,14.14
2176,1999/11/18,13.83
2177,1999/11/17,14.06
2178,1999/11/16,13.97
2179,1999/11/15,13.68
2180,1999/11/11,13.39
2181,1999/11/10,13.04
2182,1999/11/09,12.91
2183,1999/11/08,12.81
2184,1999/11/06,12.80
2185,1999/11/05,12.79
2186,1999/11/04,12.63
2187,1999/11/03,12.47
2188,1999/11/02,12.46
2189,1999/11/01,12.44
2190,1999/10/30,12.44
2191,1999/10/29,12.26
2192,1999/10/28,11.95
2193,1999/10/27,11.94
2194,1999/10/26,11.96
2195,1999/10/25,11.99
2196,1999/10/22,11.78
2197,1999/10/21,11.73
2198,1999/10/20,11.56
2199,1999/10/19,11.47
2200,1999/10/18,11.66
2201,1999/10/16,11.66
2202,1999/10/15,11.96
2203,1999/10/14,12.01
2204,1999/10/13,12.20
2205,1999/10/12,12.26
2206,1999/10/11,12.23
2207,1999/10/08,12.18
2208,1999/10/07,12.11
2209,1999/10/06,11.93
2210,1999/10/05,11.99
2211,1999/10/04,11.87
2212,1999/10/02,11.76
2213,1999/10/01,11.74
2214,1999/09/30,11.59
2215,1999/09/29,11.56
2216,1999/09/28,11.56
2217,1999/09/27,11.45
2218,1999/09/23,11.68
2219,1999/09/22,11.68
2220,1999/09/20,11.89
2221,1999/09/18,11.89
2222,1999/09/17,11.85
2223,1999/09/16,11.93
2224,1999/09/15,11.98
2225,1999/09/14,12.10
2226,1999/09/13,12.13
2227,1999/09/10,12.03
2228,1999/09/09,11.86
2229,1999/09/08,11.90
2230,1999/09/07,11.87
2231,1999/09/06,11.83
2232,1999/09/04,11.83
2233,1999/09/03,11.64
2234,1999/09/02,11.67
2235,1999/09/01,11.60
2236,1999/08/31,11.68
2237,1999/08/30,11.73
2238,1999/08/27,11.78
2239,1999/08/26,11.90
2240,1999/08/25,11.80
2241,1999/08/24,11.90
2242,1999/08/23,11.84
2243,1999/08/21,11.85
2244,1999/08/20,11.75
2245,1999/08/19,11.75
2246,1999/08/18,11.78
2247,1999/08/17,11.76
2248,1999/08/16,11.78
2249,1999/08/13,11.69
2250,1999/08/12,11.67
2251,1999/08/11,11.53
2252,1999/08/10,11.63
2253,1999/08/09,11.60
2254,1999/08/07,11.60
2255,1999/08/06,11.61
2256,1999/08/05,11.69
2257,1999/08/04,11.82
2258,1999/08/03,11.84
2259,1999/08/02,11.85
2260,1999/07/31,11.85
2261,1999/07/30,11.83
2262,1999/07/29,11.83
2263,1999/07/28,11.79
2264,1999/07/27,11.71
2265,1999/07/26,11.80
2266,1999/07/23,11.87
2267,1999/07/22,11.96
2268,1999/07/21,12.00
2269,1999/07/20,12.02
2270,1999/07/19,12.04
2271,1999/07/17,12.05
2272,1999/07/16,12.07
2273,1999/07/15,11.92
2274,1999/07/14,11.90
2275,1999/07/13,11.92
2276,1999/07/12,11.91
2277,1999/07/09,11.95
2278,1999/07/08,12.01
2279,1999/07/07,12.03
2280,1999/07/06,12.05
2281,1999/07/05,11.98
2282,1999/07/03,11.98
2283,1999/07/02,12.00
2284,1999/06/30,11.84
2285,1999/06/29,11.82
2286,1999/06/28,11.82
2287,1999/06/25,11.90
2288,1999/06/24,12.05
2289,1999/06/23,12.06
2290,1999/06/22,12.08
2291,1999/06/21,11.88
2292,1999/06/17,11.72
2293,1999/06/16,11.63
2294,1999/06/15,11.66
2295,1999/06/14,11.71
2296,1999/06/11,11.73
2297,1999/06/10,11.72
2298,1999/06/09,11.72
2299,1999/06/08,11.72
2300,1999/06/07,11.54
2301,1999/06/05,11.58
2302,1999/06/04,11.41
2303,1999/06/03,11.47
2304,1999/06/02,11.43
2305,1999/06/01,11.44
2306,1999/05/31,11.44
2307,1999/05/29,11.44
2308,1999/05/28,11.35
2309,1999/05/27,11.46
2310,1999/05/26,11.41
2311,1999/05/25,11.59
2312,1999/05/24,11.73
2313,1999/05/21,11.64
2314,1999/05/20,11.55
2315,1999/05/19,11.47
2316,1999/05/18,11.29
2317,1999/05/17,11.45
2318,1999/05/15,11.44
2319,1999/05/14,11.56
2320,1999/05/13,11.47
2321,1999/05/12,11.44
2322,1999/05/11,11.43
2323,1999/05/10,11.34
2324,1999/05/07,11.17
2325,1999/05/06,11.13
2326,1999/05/05,11.19
2327,1999/05/04,11.25
2328,1999/05/03,11.17
2329,1999/04/30,11.12
2330,1999/04/29,11.15
2331,1999/04/28,11.21
2332,1999/04/27,11.13
2333,1999/04/26,10.99
2334,1999/04/23,10.90
2335,1999/04/22,10.82
2336,1999/04/21,10.68
2337,1999/04/20,10.78
2338,1999/04/19,10.90
2339,1999/04/17,10.93
2340,1999/04/16,10.82
2341,1999/04/15,10.78
2342,1999/04/14,10.77
2343,1999/04/13,10.76
2344,1999/04/12,10.81
2345,1999/04/09,10.73
2346,1999/04/08,10.80
2347,1999/04/07,10.77
2348,1999/04/06,10.81
2349,1999/04/03,10.65
2350,1999/04/02,10.66
2351,1999/04/01,10.56
2352,1999/03/31,10.57
2353,1999/03/30,10.61
2354,1999/03/29,10.62
2355,1999/03/26,10.61
2356,1999/03/25,10.46
2357,1999/03/24,10.45
2358,1999/03/23,10.62
2359,1999/03/22,10.57
2360,1999/03/20,10.56
2361,1999/03/19,10.54
2362,1999/03/18,10.70
2363,1999/03/17,10.80
2364,1999/03/16,10.65
2365,1999/03/15,10.60
2366,1999/03/12,10.62
2367,1999/03/11,10.68
2368,1999/03/10,10.63
2369,1999/03/09,10.52
2370,1999/03/08,10.38
2371,1999/03/06,10.38
2372,1999/03/05,10.31
2373,1999/03/04,10.30
2374,1999/03/03,10.32
2375,1999/03/02,10.44
2376,1999/03/01,10.39
2377,1999/02/26,10.53
2378,1999/02/25,10.65
2379,1999/02/24,10.74
2380,1999/02/23,10.71
2381,1999/02/22,11.42
2382,1999/02/20,11.47
2383,1999/02/19,11.22
2384,1999/02/12,11.58
2385,1999/02/11,11.34
2386,1999/02/10,11.41
2387,1999/02/09,11.59
2388,1999/02/08,11.81
2389,1999/02/06,11.81
2390,1999/02/05,11.59
2391,1999/02/04,11.73
2392,1999/02/03,11.73
2393,1999/02/02,11.77
2394,1999/02/01,11.79
2395,1999/01/30,11.79
2396,1999/01/29,11.65
2397,1999/01/28,11.62
2398,1999/01/27,11.69
2399,1999/01/26,11.59
2400,1999/01/25,11.66
2401,1999/01/22,11.74
2402,1999/01/21,11.82
2403,1999/01/20,11.61
2404,1999/01/19,11.58
2405,1999/01/18,11.52
2406,1999/01/16,11.52
2407,1999/01/15,11.43
2408,1999/01/14,11.53
2409,1999/01/13,11.58
2410,1999/01/12,11.73
2411,1999/01/11,11.77
2412,1999/01/08,11.64
2413,1999/01/07,11.63
2414,1999/01/06,11.33
2415,1999/01/05,11.14
2416,1998/12/31,10.87
2417,1998/12/30,10.83
2418,1998/12/29,10.84
2419,1998/12/28,10.88
2420,1998/12/24,10.86
2421,1998/12/23,10.77
2422,1998/12/22,10.88
2423,1998/12/21,10.76
2424,1998/12/19,10.77
2425,1998/12/18,10.69
2426,1998/12/17,10.63
2427,1998/12/16,10.65
2428,1998/12/15,10.68
2429,1998/12/14,10.83
2430,1998/12/11,10.92
2431,1998/12/10,11.01
2432,1998/12/09,11.05
2433,1998/12/08,11.14
2434,1998/12/07,11.06
2435,1998/12/04,10.96
2436,1998/12/03,10.99
2437,1998/12/02,10.98
2438,1998/12/01,10.97
2439,1998/11/30,11.24
2440,1998/11/27,11.12
2441,1998/11/26,11.11
2442,1998/11/25,10.97
2443,1998/11/24,11.09
2444,1998/11/23,10.90
2445,1998/11/21,10.89
2446,1998/11/20,10.77
2447,1998/11/19,10.61
2448,1998/11/18,10.46
2449,1998/11/17,10.40
2450,1998/11/16,10.33
2451,1998/11/13,10.43
2452,1998/11/11,10.45
2453,1998/11/10,10.64
2454,1998/11/09,10.74
2455,1998/11/07,10.70
2456,1998/11/06,10.62
2457,1998/11/05,10.70
2458,1998/11/04,10.47
2459,1998/11/03,10.55
2460,1998/11/02,10.38
2461,1998/10/31,10.38
2462,1998/10/30,10.25
2463,1998/10/29,10.05
2464,1998/10/28,10.01
2465,1998/10/27,10.04
2466,1998/10/26,10.09
2467,1998/10/23,10.09
2468,1998/10/22,10.07
2469,1998/10/21,9.920
2470,1998/10/20,9.850
2471,1998/10/19,9.720
2472,1998/10/17,9.720
2473,1998/10/15,9.230
2474,1998/10/14,9.150
2475,1998/10/13,9.190
2476,1998/10/12,8.800
2477,1998/10/09,8.580
2478,1998/10/08,8.730
2479,1998/10/07,8.850
2480,1998/10/06,8.810
2481,1998/10/03,9.100
2482,1998/10/02,9.210
2483,1998/10/01,9.610
2484,1998/09/30,9.810
2485,1998/09/29,9.890
2486,1998/09/28,10.01
2487,1998/09/25,10.02
2488,1998/09/24,10.06
2489,1998/09/23,9.930
2490,1998/09/22,9.810
2491,1998/09/21,9.870
2492,1998/09/19,9.870
2493,1998/09/18,9.850
2494,1998/09/17,10.05
2495,1998/09/16,10.03
2496,1998/09/15,9.990
2497,1998/09/14,9.840
2498,1998/09/11,9.740
2499,1998/09/10,9.990
2500,1998/09/09,10.05
2501,1998/09/08,9.720
2502,1998/09/07,9.540
2503,1998/09/05,9.560
2504,1998/09/04,9.540
2505,1998/09/03,9.680
2506,1998/09/02,9.560
2507,1998/09/01,9.600
2508,1998/08/31,9.880
2509,1998/08/29,9.910
2510,1998/08/28,9.980
2511,1998/08/27,10.39
2512,1998/08/26,10.57
2513,1998/08/25,10.54
2514,1998/08/24,10.63
2515,1998/08/21,10.80
2516,1998/08/20,10.76
2517,1998/08/19,10.77
2518,1998/08/18,10.60
2519,1998/08/17,10.64
2520,1998/08/15,10.63
2521,1998/08/14,10.62
2522,1998/08/13,10.80
2523,1998/08/12,10.59
2524,1998/08/11,10.85
2525,1998/08/10,10.94
2526,1998/08/07,10.80
2527,1998/08/06,10.72
2528,1998/08/05,10.76
2529,1998/08/04,10.92
2530,1998/08/03,10.99
2531,1998/08/01,10.99
2532,1998/07/31,11.00
2533,1998/07/30,10.83
2534,1998/07/29,10.88
2535,1998/07/28,10.98
2536,1998/07/27,11.10
2537,1998/07/24,11.17
2538,1998/07/23,11.23
2539,1998/07/22,11.43
2540,1998/07/21,11.48
2541,1998/07/20,11.50
2542,1998/07/18,11.48
2543,1998/07/17,11.52
2544,1998/07/16,11.40
2545,1998/07/15,11.23
2546,1998/07/14,11.27
2547,1998/07/13,11.30
2548,1998/07/10,11.32
2549,1998/07/09,11.36
2550,1998/07/08,11.25
2551,1998/07/07,11.20
2552,1998/07/06,11.25
2553,1998/07/04,11.23
2554,1998/07/03,11.20
2555,1998/07/02,11.10
2556,1998/06/30,11.09
2557,1998/06/29,11.17
2558,1998/06/26,11.31
2559,1998/06/25,11.31
2560,1998/06/24,11.17
2561,1998/06/23,11.00
2562,1998/06/22,10.94
2563,1998/06/20,11.03
2564,1998/06/19,11.06
2565,1998/06/18,10.92
2566,1998/06/17,10.96
2567,1998/06/16,10.95
2568,1998/06/15,11.25
2569,1998/06/12,11.37
2570,1998/06/11,11.59
2571,1998/06/10,11.79
2572,1998/06/09,11.67
2573,1998/06/08,11.67
2574,1998/06/06,11.59
2575,1998/06/05,11.48
2576,1998/06/04,11.45
2577,1998/06/03,11.50
2578,1998/06/02,11.55
2579,1998/06/01,11.72
2580,1998/05/29,11.65
2581,1998/05/28,11.52
2582,1998/05/27,11.66
2583,1998/05/26,11.75
2584,1998/05/25,11.69
2585,1998/05/22,11.72
2586,1998/05/21,11.72
2587,1998/05/20,11.72
2588,1998/05/19,11.77
2589,1998/05/18,11.84
2590,1998/05/16,11.75
2591,1998/05/15,11.79
2592,1998/05/14,11.79
2593,1998/05/13,11.86
2594,1998/05/12,11.85
2595,1998/05/11,11.83
2596,1998/05/08,11.71
2597,1998/05/07,11.78
2598,1998/05/06,11.84
2599,1998/05/05,11.82
2600,1998/05/04,11.76
2601,1998/05/02,11.74
2602,1998/04/30,11.68
2603,1998/04/29,11.64
2604,1998/04/28,11.57
2605,1998/04/27,11.84
2606,1998/04/24,11.86
2607,1998/04/23,11.94
2608,1998/04/22,11.90
2609,1998/04/21,11.88
2610,1998/04/20,11.84
2611,1998/04/18,11.84
2612,1998/04/17,11.81
2613,1998/04/16,11.96
2614,1998/04/15,11.82
2615,1998/04/14,11.70
2616,1998/04/13,11.71
2617,1998/04/10,11.65
2618,1998/04/09,11.59
2619,1998/04/08,11.53
2620,1998/04/07,11.69
2621,1998/04/04,11.70
2622,1998/04/03,11.86
2623,1998/04/02,11.72
2624,1998/04/01,11.63
2625,1998/03/31,11.60
2626,1998/03/30,11.66
2627,1998/03/27,11.57
2628,1998/03/26,11.51
2629,1998/03/25,11.55
2630,1998/03/24,11.43
2631,1998/03/23,11.45
2632,1998/03/21,11.46
2633,1998/03/20,11.50
2634,1998/03/19,11.46
2635,1998/03/18,11.45
2636,1998/03/17,11.32
2637,1998/03/16,11.22
2638,1998/03/13,11.10
2639,1998/03/12,11.06
2640,1998/03/11,11.05
2641,1998/03/10,10.92
2642,1998/03/09,10.98
2643,1998/03/07,10.95
2644,1998/03/06,10.86
2645,1998/03/05,11.08
2646,1998/03/04,11.06
2647,1998/03/03,11.07
2648,1998/03/02,11.07
2649,1998/02/27,11.08
2650,1998/02/26,11.01
2651,1998/02/25,11.04
2652,1998/02/24,11.11
2653,1998/02/23,11.20
2654,1998/02/21,11.19
2655,1998/02/20,11.15
2656,1998/02/19,11.09
2657,1998/02/18,11.10
2658,1998/02/17,11.03
2659,1998/02/16,11.08
2660,1998/02/13,11.03
2661,1998/02/12,11.84
2662,1998/02/11,11.65
2663,1998/02/10,11.67
2664,1998/02/09,11.75
2665,1998/02/07,11.58
2666,1998/02/06,11.71
2667,1998/02/05,11.70
2668,1998/02/04,11.68
2669,1998/02/03,11.67
2670,1998/02/02,11.54
2671,1998/01/26,11.59
2672,1998/01/23,11.59
2673,1998/01/22,11.54
2674,1998/01/21,11.41
2675,1998/01/20,11.35
2676,1998/01/19,11.26
2677,1998/01/17,11.33
2678,1998/01/16,11.17
2679,1998/01/15,11.24
2680,1998/01/14,11.08
2681,1998/01/13,10.95
2682,1998/01/12,11.10
2683,1998/01/09,11.14
2684,1998/01/08,11.28
2685,1998/01/07,11.38
2686,1998/01/06,11.32
2687,1998/01/05,11.08
2688,1998/01/03,10.94
2689,1997/12/31,10.78
2690,1997/12/30,10.65
2691,1997/12/29,10.56
2692,1997/12/27,10.55
2693,1997/12/26,10.59
2694,1997/12/24,10.47
2695,1997/12/23,10.53
2696,1997/12/22,10.76
2697,1997/12/20,10.69
2698,1997/12/19,10.80
2699,1997/12/18,10.81
2700,1997/12/17,10.83
2701,1997/12/16,10.82
2702,1997/12/15,10.87
2703,1997/12/13,10.80
2704,1997/12/12,10.84
2705,1997/12/11,10.82
2706,1997/12/10,10.85
2707,1997/12/09,10.89
2708,1997/12/08,10.83
2709,1997/12/06,10.79
2710,1997/12/05,10.69
2711,1997/12/04,10.72
2712,1997/12/03,10.89
2713,1997/12/02,10.89
2714,1997/12/01,10.76
2715,1997/11/29,10.74
2716,1997/11/28,10.80
2717,1997/11/27,10.69
2718,1997/11/26,10.75
2719,1997/11/25,10.88
2720,1997/11/24,11.02
2721,1997/11/22,10.95
2722,1997/11/21,11.04
2723,1997/11/20,11.00
2724,1997/11/19,11.09
2725,1997/11/18,10.80
2726,1997/11/17,10.48
2727,1997/11/15,10.44
2728,1997/11/14,10.35
2729,1997/11/13,10.23
2730,1997/11/11,10.39
2731,1997/11/10,10.45
2732,1997/11/08,10.47
2733,1997/11/07,10.64
2734,1997/11/06,10.63
2735,1997/11/05,10.50
2736,1997/11/04,10.53
2737,1997/11/03,10.49
2738,1997/10/30,10.41
2739,1997/10/29,10.21
2740,1997/10/28,10.04
2741,1997/10/27,10.49
2742,1997/10/24,10.58
2743,1997/10/23,10.76
2744,1997/10/22,10.78
2745,1997/10/21,10.89
2746,1997/10/20,10.92
2747,1997/10/18,10.70
2748,1997/10/17,10.69
2749,1997/10/16,10.46
2750,1997/10/15,10.49
2751,1997/10/14,10.56
2752,1997/10/13,10.51
2753,1997/10/09,10.56
2754,1997/10/08,10.52
2755,1997/10/07,10.48
2756,1997/10/06,10.49
2757,1997/10/04,10.48
2758,1997/10/03,10.36
2759,1997/10/02,10.28
2760,1997/10/01,10.27
2761,1997/09/30,10.31
2762,1997/09/27,10.26
2763,1997/09/26,10.27
2764,1997/09/25,10.18
2765,1997/09/24,10.17
2766,1997/09/23,10.14
2767,1997/09/22,10.08
2768,1997/09/20,10.07
2769,1997/09/19,10.04
2770,1997/09/18,10.03
2771,1997/09/17,10.04
2772,1997/09/15,10.09
2773,1997/09/13,10.09
2774,1997/09/12,10.15
2775,1997/09/11,10.15
2776,1997/09/10,10.29
2777,1997/09/09,10.30
2778,1997/09/08,10.10
2779,1997/09/06,10.10
2780,1997/09/05,9.930
2781,1997/09/04,10.04
2782,1997/09/03,10.08
2783,1997/09/02,10.01
2784,1997/09/01,10.05
2785,1997/08/30,10.05
2786,1997/08/28,10.34
2787,1997/08/27,10.37
2788,1997/08/26,10.29
2789,1997/08/25,10.46
2790,1997/08/23,10.46
2791,1997/08/22,10.78
2792,1997/08/21,10.82
2793,1997/08/20,10.89
2794,1997/08/19,11.26
2795,1997/08/16,11.55
2796,1997/08/15,11.63
2797,1997/08/14,11.71
2798,1997/08/13,11.78
2799,1997/08/12,11.78
2800,1997/08/11,11.86
2801,1997/08/09,11.83
2802,1997/08/08,11.67
2803,1997/08/07,11.69
2804,1997/08/06,11.89
2805,1997/08/05,12.04
2806,1997/08/04,11.95
2807,1997/08/02,11.97
2808,1997/08/01,12.12
2809,1997/07/31,12.39
2810,1997/07/30,12.39
2811,1997/07/29,12.05
2812,1997/07/28,11.54
2813,1997/07/26,11.51
2814,1997/07/25,11.38
2815,1997/07/24,11.36
2816,1997/07/23,11.76
2817,1997/07/22,11.81
2818,1997/07/21,11.83
2819,1997/07/19,11.84
2820,1997/07/18,12.11
2821,1997/07/17,12.23
2822,1997/07/16,11.96
2823,1997/07/15,11.84
2824,1997/07/14,11.98
2825,1997/07/12,11.98
2826,1997/07/11,12.14
2827,1997/07/10,11.94
2828,1997/07/09,11.82
2829,1997/07/08,11.96
2830,1997/07/07,12.10
2831,1997/07/05,12.09
2832,1997/07/04,11.95
2833,1997/07/03,11.67
2834,1997/07/02,11.67
2835,1997/06/30,11.59
2836,1997/06/28,11.59
2837,1997/06/27,11.56
2838,1997/06/26,11.46
2839,1997/06/25,11.40
2840,1997/06/24,11.38
2841,1997/06/23,11.37
2842,1997/06/21,11.38
2843,1997/06/20,11.42
2844,1997/06/19,11.46
2845,1997/06/18,11.40
2846,1997/06/17,11.40
2847,1997/06/16,11.37
2848,1997/06/14,11.37
2849,1997/06/13,11.37
2850,1997/06/12,11.43
2851,1997/06/11,11.39
2852,1997/06/10,11.42
2853,1997/06/07,11.39
2854,1997/06/06,11.36
2855,1997/06/05,11.40
2856,1997/06/04,11.57
2857,1997/06/03,11.34
2858,1997/06/02,11.32
2859,1997/05/31,11.32
2860,1997/05/30,11.32
2861,1997/05/29,11.33
2862,1997/05/28,11.34
2863,1997/05/27,11.33
2864,1997/05/26,11.30
2865,1997/05/24,11.30
2866,1997/05/23,11.26
2867,1997/05/22,11.20
2868,1997/05/21,11.18
2869,1997/05/20,10.96
2870,1997/05/19,10.93
2871,1997/05/17,10.92
2872,1997/05/16,10.86
2873,1997/05/15,10.85
2874,1997/05/14,10.91
2875,1997/05/13,10.93
2876,1997/05/12,10.82
2877,1997/05/10,10.78
2878,1997/05/09,10.81
2879,1997/05/08,10.84
2880,1997/05/07,10.87
2881,1997/05/06,10.80
2882,1997/05/05,10.78
2883,1997/05/03,10.76
2884,1997/05/02,10.68
2885,1997/04/30,10.61
2886,1997/04/29,10.66
2887,1997/04/28,10.71
2888,1997/04/26,10.71
2889,1997/04/25,10.71
2890,1997/04/24,10.74
2891,1997/04/23,10.70
2892,1997/04/22,10.74
2893,1997/04/21,10.64
2894,1997/04/19,10.63
2895,1997/04/18,10.61
2896,1997/04/17,10.61
2897,1997/04/16,10.56
2898,1997/04/15,10.57
2899,1997/04/14,10.65
2900,1997/04/12,10.63
2901,1997/04/11,10.67
2902,1997/04/10,10.72
2903,1997/04/09,10.74
2904,1997/04/08,10.75
2905,1997/04/07,10.79
2906,1997/04/03,10.75
2907,1997/04/02,10.76
2908,1997/04/01,10.87
2909,1997/03/31,10.86
2910,1997/03/28,10.88
2911,1997/03/27,10.91
2912,1997/03/26,10.95
2913,1997/03/25,10.87
2914,1997/03/24,10.91
2915,1997/03/22,10.88
2916,1997/03/21,10.91
2917,1997/03/20,10.88
2918,1997/03/19,10.97
2919,1997/03/18,11.02
2920,1997/03/17,11.13
2921,1997/03/15,11.12
2922,1997/03/14,11.16
2923,1997/03/13,11.19
2924,1997/03/12,11.23
2925,1997/03/11,11.19
2926,1997/03/10,11.12
2927,1997/03/08,11.11
2928,1997/03/07,11.08
2929,1997/03/06,11.15
2930,1997/03/05,11.14
2931,1997/03/04,11.18
2932,1997/03/03,11.26
2933,1997/03/01,11.26
2934,1997/02/28,11.29
2935,1997/02/27,11.38
2936,1997/02/26,11.44
2937,1997/02/25,11.38
2938,1997/02/24,12.55
2939,1997/02/22,12.56
2940,1997/02/21,12.53
2941,1997/02/20,12.48
2942,1997/02/19,12.44
2943,1997/02/18,12.50
2944,1997/02/17,12.38
2945,1997/02/15,12.38
2946,1997/02/14,12.37
2947,1997/02/13,12.27
2948,1997/02/12,12.22
2949,1997/02/11,12.26
2950,1997/02/03,12.44
2951,1997/02/01,12.43
2952,1997/01/31,12.38
2953,1997/01/30,12.27
2954,1997/01/29,12.27
2955,1997/01/28,12.15
2956,1997/01/27,12.18
2957,1997/01/25,12.17
2958,1997/01/24,12.23
2959,1997/01/23,12.25
2960,1997/01/22,12.16
2961,1997/01/21,12.19
2962,1997/01/20,12.21
2963,1997/01/18,12.20
2964,1997/01/17,12.08
2965,1997/01/16,12.03
2966,1997/01/15,12.10
2967,1997/01/14,12.11
2968,1997/01/13,11.97
2969,1997/01/11,11.98
2970,1997/01/10,12.08
2971,1997/01/09,12.20
2972,1997/01/08,12.17
2973,1997/01/07,12.12
2974,1997/01/06,12.13
2975,1997/01/04,12.14
